"id","email","website","zip","logo"
"base.main_company","info@mekomsolutions.com","https://mekomsolutions.com/",,"iVBORw0KGgoAAAANSUhEUgAAAlgAAAFoCAYAAACL9IXsAAAABHNCSVQICAgIfAhkiAAAAAlwSFlz
AAAI3AAACNwBn+hfPAAAABl0RVh0U29mdHdhcmUAd3d3Lmlua3NjYXBlLm9yZ5vuPBoAACAASURB
VHic7N13mBXV4cbx79y+vTeWpSwdls5SBQFRwY4ldo1J7DXFRKNGTSxpGjWJib1gQdQoTQUVkCLS
2+6y9F3Yxva+t878/lh/SzaAJd4Eg+/nefaRu/fMmTNnfOZ598yZMwY9XrAQERERkbCxHesGiIiI
iBxvFLBEREREwkwBS0RERCTMFLBEREREwkwBS0RERCTMFLBEREREwkwBS0RERCTMFLBEREREwkwB
S0RERCTMFLBEREREwkwBS0RERCTMFLBEREREwkwBS0RERCTMFLBEREREwkwBS0RERCTMFLBERERE
wkwBS0RERCTMFLBEREREwkwBS0RERCTMFLBEREREwkwBS0RERCTMFLBEREREwkwBS0RERCTMFLBE
REREwkwBS0RERCTMFLBEREREwkwBS0RERCTMFLBEREREwkwBS0RERCTMFLBEREREwkwBS0RERCTM
FLBEREREwkwBS0RERCTMFLBEREREwkwBS0RERCTMFLBEREREwkwBS0RERCTMFLBEREREwkwBS0RE
RCTMFLBEREREwkwBS0RERCTMFLBEREREwkwBS0RERCTMFLBEREREwkwBS0RERCTMFLBEREREwkwB
S0RERCTMFLBEREREwkwBS0RERCTMFLBEREREwkwBS0RERCTMFLBEREREwkwBS0RERCTMFLBERERE
wkwBS0RERCTMFLBEREREwkwBS0RERCTMFLBEREREwkwBS0RERCTMFLBEREREwkwBS0RERCTMFLBE
REREwkwBS0RERCTMFLBEREREwkwBS0RERCTMFLBEREREwkwBS0RERCTMFLBEREREwkwBS0RERCTM
FLBEREREwkwBS0RERCTMFLBEREREwkwBS0RERCTMFLBEREREwkwBS0RERCTMFLBEREREwkwBS0RE
RCTMFLBEREREwkwBS0RERCTMFLBEREREwkwBS0RERCTMFLBEREREwkwBS0RERCTMFLBEREREwkwB
S0RERCTMFLBEREREwkwBS0RERCTMFLBEREREwkwBS0RERCTMFLBEREREwkwBS0RERCTMFLBERERE
wkwBS0RERCTMFLBEREREwkwBS0RERCTMFLBEREREwkwBS0RERCTMFLBEREREwkwBS0RERCTMFLBE
REREwkwBS0RERCTMFLBEREREwkwBS0RERCTMFLBEREREwkwBS0RERCTMFLBEREREwkwBS0RERCTM
FLBEREREwkwBS0RERCTMFLBEREREwkwBS0RERCTMFLBEREREwkwBS0RERCTMFLBEREREwkwBS0RE
RCTMFLBEREREwkwBS0RERCTMFLBEREREwkwBS0RERCTMFLBEREREwkwBS0RERCTMFLBEREREwkwB
S0RERCTMFLBEREREwkwBS0RERCTMFLBEREREwkwBS0RERCTMFLBEREREwkwBS0RERCTMFLBERERE
wkwBS0RERCTMFLBEREREwsxxrBsgIuHxq1uGEhfjOtbNkG+gocnPr5/YcqybISJhYNDjBetYN0JE
vrmyNReSkRpxrJsh30DZwVYyx8451s0QkTDQLUIRERGRMFPAEhEREQkzzcESkW+9eR/vYtWWUtKT
o5mcm8XwAWnHukkiIl9IAUtEvvUS4j0899YW2nxBPC4HF58+gCd+eTI2m3GsmyYickS6RSgi33oG
Bv5ACACvP8gL72xj5YaSY9wqEZGj0wiWiHzrHbj5Du7ZW0qxJ4nN0V0pTOpJTt+UY90sEZGjUsAS
kf+68opyNhZsImSZxETEMGrwCGJiYo5YduNvn2Hg6sXk0L6iTMgwmOs/gcS4W49Yvrq6mnV5GwiE
AnicHnIHjyQhIeE/diwiIkeigCUi/xXzlixg7ob3WLFnDft9ZfgjTDCAkEWcL4ohqQM4sfcErjr1
Unp269GxXWlsGoXJOQygmHhHK3EVQaaVbcQKBDCcTgA25G3klWVzWLV3Dfm1u2iLCLRPgDAtIp53
0TumO5N6j+eSE89n3LAxx+T4ReS7RQuNihwnvq0LjW4s2MTtf7+bioYqCp1FxBnReE0fEZaHuojm
w8onBWI5v98Z/Oqyn5ORlgHAM29tYcPCO+kXWUz6Sw5Sk6I5qXgVmwu28tu3H2XBgSW0On2H1ZXY
Ek3QYRKwBbH8JtlkMrBrPx654WGyunT9jx/716WFRkWOHwpYIseJb2vAyt9RgIHBA397mL45/fH4
nETFR/PQ4sfweQLUO1qOuF1PunDntFv50czvA/DBy9dRU7Gdkobr+d7k7rxUtIS/bniRGnvjEbdP
8EXTJ7IHMwaeRGpkEjvr92HW+bly5uUkxSfRvVu3/9Qh/9sUsESOH7pFKCL/UYP6DcTv9/Pi75/F
5Wp/V+KBkgNkpmRwoK6Mz/auY+OBPHaxv/2W4ef2UcYNH9zJup0befzW3xPlsYjISGTqlSdy7RO3
saB2Gdg778sIwVB3fwZ16cuZw6dTX1PPjy68Cput/YHplpYWIiMjMQwt7yAi/1kawRI5TnybRrD2
FO9l7qoFbC7Jp6hmPwebqmnxtbTPiYqMxB6yER0ZRWZsOl3iM8iISaWstJwNVVvZYG4/rL7pMRP4
6aBIfN56flXQzEZ/5zKGCSdGjCInqR+J6cmUNJRTVl9OWUMFPp8PvxHA2+bD5rARFxFDalQKvVJ7
MDJrKOdPPYfkpOT/Vtd8IY1giRw/FLBEjhPfhoBVXLqfe15+gLn7FtPkbAMLMMAespHaGEt5fD1G
ECzn5xsELWg12/9tN0ixJRAZdFPSVE4o3oBIG5GuCOIjYrnWaMQfMnky5KHZ10ogFIDGEO4WB5lx
adQYjTSEmsG02kfComzw+UKkhs/Ccht0qYqnLLm+/fvP25YWSOTCQWfxwI/uIToq+r/faf9EAUvk
+KFbhCISFhsLNnHRk1cTqvXTEtXGCW1DKLEO0mp5uXDIOZSVlpKRkMoz617H5/C3hxy7AdE2MAzw
mVQ1V7cHHxvYm+yE6vy0Jpu0+tvwxgWpC0Jdmw+aQ9BoYrPb8Bl+9jYeaH9qMNIObhuELKgJtf8X
SLYSuGTc+TQnN1EdrCPvYCHexjZ6pnVnvTePuQWLWHv3Rube/RopSVpfS0S+OQUsEQmLdz6ex7mD
TqNfYm+qfbW01DZzwenn8sjTjzEjdxp/b3iBp/fPwd/VApyHNgxauENOfFEBPIYbb0yw/ffNBgRM
Pl/+CrcNfJ8PduEw2q9eMXaIaJ+I5WlyEHJZhGwmpt2EyEOXtyqaeWHXHGb2OpXbp93CrHdf49wf
zmR7QQH9S/pw2SkX8ubaebzxwVvcdOn1//G+EpHjn24Rihwnvg23CP/V+8sX8dfFz/Jh5SoCzvZX
3cS1RdDgaQMDEkLRTI4YzehhuWzasoXGQCNFLSU0hpppCDbREuFrT1bAVH+AOAPe+XztK5pNXF4b
Ke5kEhwx9I7vSXpcKkGPSVNlA/9o/oiAI4QzaMdlOWlxegGICng4p8fJ/PisGxmRM/yY9MvR6Bah
yPFDAUvkOPFtClher5er/3gzcw4sbA85PhsBl0mKL44rhn+PAwcP0Kdbb7Liu1BeX8nHu5azrm4r
Ptfno1fVQQy/hSvKQ1RGLE2+ZgKhAK7WEP5IO26nm2B5GyF/qH2uVVz7KFasL5Jx6SOYPnAqZsii
oqWSpsZGagMNLNm9iurIhva2uE2iAh5uGfEDHrzu3mPYU50pYIkcPxSwRI4T36aAddOffsqTu18B
E1wBO8Pt/UlISuCRqx4gOjKGhuYGnpj/FHN3fkCVs+HQhhZQ6sdIdmCFwOYHMxIMP5hBs30VBxNI
dOAoDxFMt2G0mFgtJqQ7O7WheyidC4acxW3n3kBF9UFiIqO54PGrcFXD+ridYIHNNHjspPu56XvX
/hd75+gUsESOH7Zj3QAROb5UVFYwp2A+UV43/WozyU0YwrjsXP5+42PEx8bz61d/ywmPnMGz+97o
FK5sPgMO+CHFSba7G5OiRmEm2KAmhN1tx2g1oS4E8XY4GCCYYed09yRinbEYcXYo9WMLHFrfqthe
wR/zn2bUvVN5a8W7dM3I5C9X/I4zJ5xGpjeZ/g1diQi4eGHVq1iW/s4UkfDSJHcRCav3P/2Qiem5
DOzSn4DXj80y+PUtv+KFebN46KPHKTbKO+a4R7d6SG6KISk5CZfNyeqsbZyZOIXRGcNZsuUTsFng
AFudBUkOqAth8xvtKzGEICkqkZuyrmBB8Udsde7ivNhT2FqRT01bHd74EM1uLxWOWn6b9zfe+8VH
PPy9X3HnNbdTUlZKKNpiWNccZq16g4Kd2xnUb+Cx7TgROa4oYIlIWA3rPZgrz7qU5pZmPtu4lhNy
x3Pzn37Gc7vfIOj4/DHAgMVgd18GxWTTZ1AvypqreLHibTAgEAhQUV3Bttad4A9BvIMBVm+2uHdD
uo2+TVkUuvdhmRbL9n3KlcnfwwIsByxqXMmtuT+guryS2tZ6PvZ+RrVZDy6DraFdXDTrWn6592ae
uOcRFn70HjNPO4fLz76EypqqY9pnInL8UcASkbAanjMMgNiYWE45cRrX33UTBS27iW+OwoiyEVXh
oGtGV07PncElJ51Pm9/L1N+fQ8huYvNBVrdMqhvqaIhqhTYLXAY7G4rgoB/aTHZ3K4FoB1QHqEts
ocHfTEZUGnnVu2h0tbBgz4esePh9aupqeGD2H8nfmkdp/UFaY/2YPpPFqz+GFpNfXP8zAOJi4oiL
iTuGPSYixyM78efcd6wbISLf3E+vziEmyvnlBf+LLMtiwsjx9E/rS2oogcev/R29k7K55PQLmT52
Gqkpqfzs6btZ2bgBgCGOPvjq25jv/QTTMKHVJNmWiD1o4E03Ic6Ou95OpCsCn9eHPzrEhto8Bhu9
OdhaTZvTT4VZjavGxlknnk6v1B5ceMr5pNgSeOTqB6kurOCpe//MiEHDiIyIPMa9c7imlgCPPpt/
rJshImGgpwhFjhPfpqcI/9X/TyL/15cs7yney4gHptLkasMetHFFytmsL9pMl+g0VgQ20drQTHZq
D/wlLZQk10JdiJyYvuxxl9JW10JSZCITU0ZR3VBDQnIi79UtJ+Qw6U8Ptj3xKXZ757dBm6bZ8eLn
byM9RShy/Pj2XmlE5LhhGMZh4QrgH8vnMTZ5OIOcvTgxMJyTRk/m5V8+TZ6xh1aPD0Kwl1IiM2LA
ZUCKg0BkiDanH0yoiWlif6ic13/9IqN6j2CqLZepsWNx2Zx8sOLDw/b3bQ5XInJ80RwsEfnavF4v
Ho/nG9fjCNiY9dOnuPepBzn/3LPpltWNnzz8cxpaGyGu/SXRZzmmsrJsLSS2vxjaZ/cyNWIkS401
WMD+8hJ+9/wjnD9tJl0TM/AGfYzNyWXH3p3f/EAJ37GKyHeLApaIfG07CzezZflznHn5w8QnJP/b
9fz4B7cAcN05P2TwgBxCoRCp6Wk01/iwGTbiE2LIC+wic1gWVVXbIcJGt9QebDpQQHJMIlU0Up3Y
THxEHJPGTqRXeTYul4uUpBSGDxz2jY6xpHgnb794D9+/9e8KWCLytWm8XES+tiHDxpIe20je2zNY
uvCZb1zf0EFDsNlsOJ1OSs2DRDW7yXKk00AzZpWfg5/tIseMJicYzfYVW/A0OHCaDjwON1HNLurc
zQBkZmSSkpTyjdpimiar3v8zB5fOJKd/N+LiE77x8YnId48Cloj8W2J7nk+f5AP0893Le89dTkN9
TVjqHRk/mN5x3WmsbiA+EE0g1uLGfh4WTGliwUlNnJTZlSh3JLVGI5ENTk7MGku6LSks+z5QVMCH
z53JgOCDRDha6TXqqrDUKyLfPQpYIvJvGT3pfLZV5RDtMRkev5j1qxez4LX7/u36/H4/AA/+7H78
ZoCJabm0RQeYnjWZGp+f+maL+maLal8t47JHkRgVz6jkIdjddu664Y5OdXxdPp+Xd1+8g4INixiX
uQGHHcqsyfTopdXdReTfo4AlIv8WwzBIHXIzmxtmsLzATfSBOxkV8RTvznmaVxfks6+0/gu3X7hw
YafPixcvxjTbV3rvGp/B9HEn88fpv6LCW8WU/kn0SLfTI93Ojaeews6y3Tx36WPk9BpEl7gMAMrL
y8nPz//CffyrTdsPMvu9At6ffR9TUl7E2v8ES/Li2NR4Fj1HXfd1u0REpIMmuYvIv23ImLNZ3VjF
KNuHpMT4eePp3jxQU0916wfExXj4/aX9uOzqaUfctqysjObmZqKjowGIjo6msLCQgQMHcubgU2lq
beb2K26jqqSSkoo8NtsCAOyu2MZPzr+ZUyeczD8+mcfFJ18AwIoVK5g6dWpH/bt27eoIbEfy+9+8
w8PvFeP3h+gVGcVvemcy5YJS9lQ5cfW7gF4DxoSrm0TkO0gBS0Q61NfXExMTc9gCnV/E4YqmvCmD
VffB6MKdPBPxDLvjs4g9aDFo13SgPWD9c5gCGDJkCJs3b+aEE04AICsri7y8PAYOHMj151/N+0sX
AXDnjT9n5XNvMKxr+yr1ZkIGk6efC8Dpo05lcu4kAEpKSkhOPvRE49q1a5kyZUqntv5zG8ZtWMQf
SnZhBoL0rysm8lMf7+zpQdZlDjJsX+/S6PV6MU2TyMhv3+rwInJs6BahiHSw2wweu+d0lrx1N1UV
JV9pG0fKFGa9chLZ+6oxDMhoq2di+TYmjspi+G9v7yg3Z86cTiNKAwcOZPv27R2fu3btSklJ+z7t
djtnTDsNgM3rl5IWUUZ9s0l9s0n1/hUEAu2jWWedcsYR2+T1eqmvr6dLly4dv2tqauLjjz/u+Dz+
xd8xOd3GuIMFJPhbcFkhUjc28urH5xKRMuIrHXvRngKWvHU3Tz50pZZyEJFOFLBEpENMbBzTzrmF
7sGX2f/BVJa8dh0FW1YctfyfX93AIxf+mu+veYOKzK7c2Psi3snugf9CB5U3ngj/tHL60KFDWbRo
0aF9xcTQpUsXCgoKAHC73fh8vsP2EQha7CkzKaoIUVQRorY18rBbf7W1tSQlHXqScMOGDQwfPrxT
mZdffplJkyZ1fLbHx7HjqsG0nmVnVveBXN/nIlxxEVy88Bl+euGjvP3hjqMe9/qV7/Dxy5fRtvo0
Elre4YIf3K9V4kWkE10RRKSToaNPY3foAvqkNjIq/l0Obvwdm1a9yZJ3/9BRps0X5JKfzeOzux7n
xzvnY89I5icxU9gY053fxV/E7TWDCey+lw0r3+zYZuTIkRQWFuL1ejt+l5SURG1tbcfn7Oxs9u3b
16k93tp8Jg52MKy3k2G9nUzs10RlRVmnMjt27KBv374dny3L6hR4ysvL8Xg8JCQcWtNqydw/kmR7
gxvqJ/PXpLPYHN2d+9NPINkDP970Gs/c+iQ/+8OSjvKmaTL/5dvZmfcpzdvuITf5I5KivTQmXUtW
j/7/TleLyHFMc7BE5DATz7mf959eT7eY/dRVrCXduY00m50b73CS0SOXS87IIWPHJi6tWIaTEC/3
GkVNbVzH9mtqT+Xxxa3cZvsZW93RDMmdAUBubi7r16/vmHcFEBkZSVNTEzExMaSnp1NRUUHPnj07
vt+1bQmtjlDH5xYf9KncR1b3Q2Xg0Iuk9+zZQ9euXWloaOj4Li8vjyFDhnR8XrXoGWIPPsLP3h5J
YXNux+830I2NQ0eRu+QD7i1bxLzy0azLL2f+0t3U7V3MPSe+yq5Vb0Oghe2lEZQGxzDzupu/aXeL
yHFIAUtEDhMZFc1p133Anh1b6LL2YoLlDh56ZzzzfCHgM9pmzeb+N+/B/0Fvyl7/B8/VpR9Wx4Li
s4n/ZA5XcDOF7ufpP2QS2dnZbNiwgZqaGpKSkoiPjyc1NZX35r9Nvz49gMPnMQ3IGcMQx9qOz3sq
HHTvPfywcgCfLl/Awcpmsnr0ZvDgwUD76FZTUxOTJ08GYN3yOXgO/Jp75w1iXe2Uw+p4wurGPyaN
p8cvb6Wb1+LGH/2FD/2J2KxYXOvH8JNr1rE9mESXUxcwPL3rEV9iLSKigCUiRxQREUFVyXqMxmhq
HvRzR+P7XBnxKTa3h/jEGKK7pMIPLmW2GYHvb/sOr8Cw8WrhuSREv8EM81pc7lfI7jeSffv2sXXr
VqZMmUK/fv1YtXIFSZ6DtGz6PYG+fyXgbWb5G9eSNugq+uWMxe9toM46NOfKbfdRemAXCQmjWb/i
TeqLF5M08FqK9m6nf9svIOtJvG1tuN1uACoqKkhLS8PpdLJl7Xuw8+c8+n4WS8unH/G4d9VHUfr4
XWRPHE1kTS13Fd7AtbhxeltI8zayZm8ayfe6qNi/jaxu2f+RvheR/32agyUiRzVyyjW89fG5ZDTV
02pzkdlaT0ZDBcEpPTrKFFc0H3V7y3Dxtw3nsm4n7P34Bxwoan9qsHv37hQVFWEYBl6fn5omG/Ge
ekp3LqWsvJTuxlwq9y0FwN/WSE2j1fHj9UND9QEAWss+wtG4nNLSEqz6NVQ0xNDc1AifjyqtW7eO
7Oxs4uPjKdiynNYtt/LSJwm8u+8c4CgjT4abgr3l7e2Pi8Ual0nX+nLSvI3UOSJJq2xkdv7PGDn+
rG/WuSJyXFPAEpEj8vlDXHP720xbu5CN3Qdx3qBr+VWPM3lyxCCMUStY/NLl1NdV0dj8xa+nCRLF
Q8vPY395G/kLrqBLeiItLS2s+PgdZv/pDCZPnkx6gklWskmXyH0MHTwAlx1CDe2rske6g/TOtHf6
IdA+MT7QkI/LEWLylJNINPIY3K2ehPhI+vfN5u1HJ1NZXsz+/ftx29uoXn0dH2128lL++WB88Tpf
jc1+ykr28MEz59AyfS9/GTiUX2bPZGbODVSnZzJs9tPc8sBiLCs8fS0ixx8FLBE5TCBocuWdC5i8
4AWyfVXMTuhDgyOSxYmDeNk8k4ufP4ua/WtYP+ccWmuOvpzB//ORwN2LzsDfWkPB+9eyb88u+gwc
S5qniDUfP8+A0ZdSVBVJQugzumT1YVdtOlZzPqZpUlZWxbrCQKeflsYKSvbvo0tEEX7XQHYXrKVf
wg62VfRkxPiZbF72ON6ASZ/+Q6gs30vxkqvJKwrxp88uwDS+fL2qmgPr2L3wXIqL93HRrAt5xTOD
JfH98NocrMrqz7jKAqJffJY7Hl0aju4WkeOQApaIHObledvIWjyXCWVbiTphLJuN5E7fVwWzufHd
S1i6qYXrRr3O0LjlX1pnQyiTH79zKtHGPnxFT5GenoaPWFr3vUx8Yio1tnFkpzSxY8NbWBED6Ztc
zvZta8lIsZPb39npJ8Lpo3j7x2QmBbHFDqJh/3tEeSyMpKlUV5YR2zyP2PhUrFAbkRV/oaa+kfs/
PhsfsV/cSMvkxIzFXNjnFd781M0diy+j2UztVGRFYjbu/r25pPwzil94m/V5FV+7f0Xk+KeAJfId
U1FexoI5j1O05+gjTyO6eLiiLR9CIWwjBuMLHH6p8BHDY2sv5eEFfXnysrX8cPAbODj6fCyACn9v
rn99Gn1i8tn03u0YyWcwqutuVn/4NI6UqYRMCFYtwxY7iJhIqCtdQ21dAyVVoU4/LY1VhJrysSyw
xQzEVrec6iY7aX3PZtsnj9EtoZ7YbmezZ+mt2IPl/Hz+6TSbaV/YtgijhltHzeKeM/K4+ZWhPJ93
IabhOqxcsy9I1LjRGF4vP3Htol/3+CPWZ1kW2/PW8e7sx2ltbf3CfYvI8UdPEYp8x6RndCEmwqR6
yTT2fNwDZ9xgiBnMCdOvpbW1hejoGIaP7Ye17RNqnn6ZUPeuuBatwnukygwbH5edzv4XM/jDzJUM
yHiN3y49lepA96Puv7gth2tebeG1q1ewqdLDNlcGIXMWwy5axNY5fyYjch27QjPwmhYhbx42K4Dd
3nlCuhFoIdS4j131Hrxpfoal7WdLTS4DE1Px+uaztmYINuNVUp27ufzV6VT5j94egCxPIb85/WOw
DC5/6UzK/X2OWjbC7SBq8ngiJ48n/pLzMD5/b2NLSzNmyM/m5S8SaszDasrDY9TQPecRvaNQ5DvI
2Bo/StM0RY4DAwrfx5GW/OUFP/fhW79hsP1JIt0WrV74zPdznAdnEdnrKna1TaSorJHLzhxE/56J
9Jp0N5VtSV9YX5y9jHumLmR4zyZ+Mmc0W+pP+MLyY+MW8vKNBczf3JOLxuxjK3ditu5jRPRsNvhu
xFn1On7iMWx2RnbZ1WnbteWjSTK2Um/0xxbRneGxc9kc+jn+5v0Mcr/Osl3ZjOxaxMVPT6CwedzR
G2GZTMpYwiPf28zcjWn8YeWZ+DjyiNT/G90rwNI5d/DJuv28t2IvuYPSiK57Df/BxYTiT+WklKcB
qGz0UJf+ALmTL/vC+v5ZoKKKwgGnfeXyIvLtZb/e0+W+Y90IEfnmUm66DFv0Vx8p6TXwRFZsrCLS
v5n9NS5aKz5j8qAG7notkb/ObWTL5mL6zX6WUTd8jznzP+NgwxcPePusGD7aM4hgSzl/umQbbU2l
5FV2x+Tw22zda7dw87a1bNjv5/zzGnh3tY1E534is3+Ip2E+lTVtWJ4sukVsY02Bic/bRFm12fGz
qzTEpAGN7A+eSFTrJzS22YnseyMRpb9nZb6NyQOq+fhBHwO21LIxqgteV9xhbYgwqvnR4De5+5w9
/PrdPjyz5XxCxpf33+gBUZw5KYd3TrmGP+y0M2/pHtLs67gsN5/NmzdhczjxBwyqku5i7LQffOXz
AWA2t1L911e/1jYi8u2kW4Qi32HTL/ktOwouoTFvPlO6/YUlj2cw/bPNzLBtpr+/BvfY9tfIdE2L
Zsv+4JfWZxoeXt3xPfa/spyHz91A/7TX+P2y6dQEu3UqN6luO8NCAczVNt59Nsg5Vzv5NH8fyenb
2VE3gL7x+XxaeRoje5r0SDPJ7e/stH3rdj+GARUHmxjTt5pNDacRKJhN5d5mThtpMfdhP+PyHEAL
H9UXsDQqq9P2WZ5C7j9tCWlxAS579kTyG0cfdVmsf5WZFoMzOpITQuXMEzyKOQAAIABJREFU3fks
Ox3xeHb62dySyCmn1lGU+CiOLgOY0G/QV6tQRI5LmuQu8h1mGAb9Bw3FZoT4x4ZBxC+rY2zjXsbU
7yXO24gxtgvQHiq+jhXlk7jo2VPpkhBk9vffZkjcik7fR5gBoP0CNOoDgw/eCDCqr51Ny/6CP3oC
8VEmBBsJhgDr8NlfRqiV4konqTH1hExotA1gx4Z/cMpIi3lP+Bm77tDfjp5Q4NCGlsmkjI/4x7UL
afE5uezlc9vD1deQmRZFIBDAlptBSnMNE+r3MLLxANVv2lhXkYPlr6e3wpXId55GsESEE878Jbc9
b9DDXsxLaWNJC9Rj61rL2MzZzP9rHkm2XCDha9VZ4hvIj+akc/2o+bxz02oemFfBrG2nESSKcteh
wOa2DPq/DesSQpx2gpd5m1fTdaCHJNd+Civi2H2gDrcR6lR3aVWAgGsA3eO2sLWsCwXbX+fKSSbz
nw8ycpmj02DUQWf7vtxmLRcPWsg955bz0NxuvLD1LEzb15x8bvqI9m/jvb/8gYjRZezYmEJLbQr1
zmhmNBTyWt7l/P2GK75enSJyXFLAEhFufegjxm/8kLqsbvwtenLH72OeL+OCQcu5auJzGCdk8tRn
46kJfvETef/MZyTy2PrLOdD4AffPzKdf6qv84ZPpbInKwqop7AhCUUGDpOdD7I6GGYPyWFOUzemD
d/NBfja9MmoOu0VoWQHKWh307tvCCytSuXj8Pj6ZFyBngcE/l6wwDAri+pDlKeTe6UvI6dbGD58f
zrLyaWD7ei9p7urO48pRnzHU1chL67N4Le9y2mIT+f+ltaYbpWTOnc3DI3rzy6vHf626ReT4o0nu
IseJrzvJ/f89+tJaNv3tTa4sW0lZzmDm+7p0fOcnhk2VOSzaEs/QjCJ+ffYGPGYFBRWJ+K3or7YD
w2B7bR/W5vm5dEwx5w8vZHlZAiml1WSZh0amIkMGLdtC+Afb6JnZRGVdgOZQEs31lTS1WZ0muZdU
h4iLjWFfSS0T+jZRsDpIyosQE+w86+GdqFScI/w8d/kK2lpDXDf7JDbXTeArT7gCkhx7uWb4Ah6c
uYn8snhunzeDTyvGE7QiOpW7JLmWQfsL+W1xDF16Z9Kv5xc/dXkkmuQucvzQHCyR77Dq+jYee3k9
1/vzMUIhInpmHLFcWWAgD6++iitfmETv5EoW3fA6V+QsxG3Vf6X9xLSWcf6qPNru8nJwV5B3b11H
1Tk2WhydV4nJaLLT9HgAf6Mf03Tiby4hPubwldzjouy0NRXTp4uDkh1BPM9DvL/z5azBZeI5s5VX
r93Etk9CRN/v5fRN67AFv9qinzFGGT/IeYMF171NlwQf5/1tKr/79HLqQoeP4NksL3F9uuNpaeTa
xvU8/MxqvadQ5DtOtwhFvsOS4yO4Nq2RXp/uxgJGTRpFTP52moKHL2sABjuaR/Pj94cxPnUZl02o
ZOrgxby9Jo739pxAyIg66n7G1Gxhsr8F/HZi/xxk/m6Da37kY2m6QdysEF0aDr18uVu1nV1/DND/
XugSb/DZdojyBDrVt/OAxcmj7DRXBfD+1aJrS+dwtS89hO1qB1fntPH2IwFGfmLDiY3LqOGj2i0U
ph59bSwPNZzZezmnj7ZobW7lxldz2Vg7CYyj/z3av0uIbjkDKQcm1O6ibkA0xte7AykixxkFLJHv
uF++ege+7efSNO8Dogb154wTanh9me+o5S3DxaqqU7i8T19GjRmExzib749/ib8u6c2y0slHfL1M
WqCp49+RIYPRC2BeUYBRt7gIPmhjyxM+hu48NHuqT6mDbX8MMOY+2F1ikdu/c50Ha33Y/UFKHjXp
WXsonJlA/oggI292UVVv8MkvvIwt6jx/Ky3QROERjsthNTElcxm3nrKX/c29Of36Bfzhr2+xsa7q
i+8oWiYzp/XC1TuFLo89SOz5ZzK4y5FHAkXku0O3CEW+4wwDPAP7knLHLUTmDmfMsK82iX31llJ6
9swmj1v4MC+ZP1++hVcvfo4JacvAMjuVDUY7WH2awe4J7ZccAxidZ6f4Hj/1DQ5O/q2bracHabEf
uq82cKeDZQ/5iXAcfq8t0m2w79EgPQ8eClcNLpP8mSFm3O9mx3Y7rff7Gfov4Qqg2e7ufPyWn3HJ
HzHrwpd48PydzFmbTvSA24mIiGDNtq/wImcryJSx/Yk94xSSbr0GZ2aGRq9ERCNYItJZc4v/K5V7
c0kVl366mhE5PbhyzinMKyjlylFrmXXNWj7atpvHlgyjoHEkYGAOy+HZgUVMsRLpsyeIVVENQM+D
dqp/42XJ5S7OuN7Nqh5+Gl6h45bhyDwnc9O8rEvv/Lfg9o+DnLH3UFAqSgsRdbWd6aPtLH7DoNts
P9FBO/8qBOz3pLR/sEIMjlvNdRO3csrQFp5flsaNb08kLi6WG3pl8tyLs1meZ335fHibi+q6xq/U
ZyLy3aGAJSKd+AKhLy8EtAYjufruhXjKXsYil7Ko8Tz86UDm56/n5smbee+2JbyzdjNrPJdw6snn
0LBsNfGZg8h/4WR6/OpFItdtByDZayP22QBv7rVzytVuavuF2PxnP8N2tY8+9d3jOGyZhuq/tY+Q
mUDBiCAjb3JhGjbevNfP2E02bP+Silx92z+XRDhodfegr2cDV43ewKUTG3hnfSLT/phLsb991XqK
5nLppe/TkjQT6wvmlf2zNm/gywuJyHeKApaIdJKc8NWXeihuSMBln0F24C12BvpgOlPIa8jluneH
MvGzZdx2ciEjpw9kRP/pLN38CN279ObUIaex9ZyijoAF4LIMEuoHMO/Rg4y+ooHhd7nY9oaXXovA
22SxrrBzgGlrsmhwmeye4WDKJRHs3WewY34mWQ0BbJR0KuvuaxAosiAV0vYGeOL7f2fyaSHW7o7k
vD+PYF3NlI4J7C7vTtJteezgakKNXy1cWSEv2d3Tv3Kfich3gwKWiHRY8cFzJLstnEYrAeurBS2/
py/VgQFktM2n1HkVYGAZLpYfPIW1r4zl1pRtPLv5M2xR2Swvr2Ft7V+4aPOuTnWUR0cw4qUnaauq
Zv2fHiHiglOxnfYpG1KW4nwvQL8sB7FR7aNQvoDFVo/Fzh9GkjjmMj4sdRC1aR+nP3cP+9ZtJHj5
LZ0ubMEqi8ohJn1/4sDTCKnJAe6ZnchrOy9tX8n988Euw/TTPbCQA7ZJhJypX7nPuib4aavazIZV
+xg54eyvvJ2IHN8UsESkQ2vJXEK1ezlvUA+2FEdT0wRdo8vZ2HgK2DydykZbxSRF1BPhDFJnyyai
/iNiWlbQFDWpo4yXWMre38i6wQfJiE3DtEyqm3YxyV1KjMck3fv53CrDwOFwMHDyJAZOnsTKlStp
auxO15zvsTruN5RWFhPb8/PbfJUmgQtyGXDmLbQG3KT0jmDCjycAULRxC/88Jb40yqRudAjXeIOY
OAPiwInBuG6NvLK780KhSc0LaCOKmLg4ukZuoNnroMqfjpe0zp0UbGBI9GKqQ31JjPIxaYCfhi0v
YWWfDyhgiUg7BSwR6eBvLCLOUc6fLmyfhL69OEhNo0lcTCEltRFUNLipa/TRJ93HpByLuM/volkW
rCowWLFpGa8VxlBtDAfA1VbBWftKmJ16gE0HtgEws/soJl1QS9FIG1vfCdJttY2MplbW3vsQWbNf
5P37HmTzrpVEWrXE7S/irKth/mcBGj8PYzv3hzip3xa2Xv996k8chLfMjbXzUsZdcSkHH/s7/YAq
t0n5GJPBFzkZmurgH28FWGLzk5Vqo7LeJCPWBmYAbO3LP/S0LebiSQVMGekhp8eijv4oqbZYVWBn
R5mHlEQPiRFtmIFmMpOCnDCkqONtOyu3BWip2/dfOEMi8r9CAUvkOPfpiqWMnzjlS8uFQiE8trr2
meOfa/FauJwGg3sYxEa0kOBpYuwUJ9uLgxTutyiuCBEbZVDdYNI9zcFtF3i4sGYRr3/yEe7YdGpr
TFpKD3BHazYFgTpq/B6mvlfH+097aTzZTt+zbHCywfp3AyQtWMysa2+i/7Nz6NUnQNQ0g26v29mw
36T7D2yMGdA+0b2l1aL0VwEG1Bp4L9tG9WsmwY8KeOqTFQzcuJUtuUH6fM9BjN/g0y0mnnlBIlJg
0iUelm3w0bDVorrW4tKcxcRHtGJrK+Kms8AbcLJhp5cdBywi3QZtPosuSXbG9TM5b4LJqm315GQ7
cNptLNsCza1Wx21LlxNam4u+0vnw+/1s3bSOUWMmfO1zKSL/OxSwRI5jzYuW8vaDP+Otbhk8+Myb
REREHLVsaUkxWUk+SqsO/c76fJWC4ooQxRUhhvVx8sZSLyePcjGguw2bAbn9nazZHmDMACcbdwbY
Xhzkp+d5WFOwnxNPdwFuLKuUdTtsWJafbqfupmSvnRhMSgrAnujgjHvcFKz1UTP3FWymA6PSIKmX
jQbDIueAjSVb/ayJaW9T5SaTcTVOChODZDjtZDbYsRttJG56C+NuO5MHuvnwMxOPYZGYGCLjFgfV
wRDvr/Fhs8F5P2q/1Wla21m6yc+EHCevfeRlwmAn03PdrN8RILe/k3WF7f8tqQrxzgovMyd6mL/a
y8kj3RgG1DebxEYdWgrCYdV+6fkoLyvljivPYnhkKoPu/S0RI4b+O6dVRP4HaKFRkeNU3UuzKTrj
Yr6/Yj/Jyzdx7eljKdq356jli/dsoWC/jTr3yWyoPoGFm1PZvM9FTaPBvooQMdEGH27wMXGwk4O1
5hHraG6zGJfjYuueIIOyHeQXBQGoqDNJT7BhGJCRZCO9u43+PZxExRicMs7Gm/MDxPdwMfN3Hqpv
saiKDWEYUJrSvmRERtBGVqqdfll20v//hc5dLRoPmOzvE6LyNpPTHnbjSLCz9LMAU0YaRNkMomMM
hgx2cNIIN+mJNlLiD13yPivwM2mIi0+2+Jk83EWr18IwwLQ+D5af3/4rqTI5JdfNrA/bGNHbyapt
fmw2G3M/c/JRQTc2VE/kgHcUlbV+qqurOJrNG9dxy9kTGbqxhJPmrWfflJm0rl7/dU6piPwP0QiW
yHHKFhmBFQwRPWUCl2dmsOzgXu64Zia33fcEYydMPqz82Iln0Dx8MvHx8RiGQW1dPTMuuhu3r4C3
bsvnkbkJNLQZnJJbR3FlkPfX+mhothjUw8G+iiCl1SYnDnXS0GxRfDBE/24OGlrag1hpVYhhvZ1U
1rd/Lq81Gd3fSb5lEekxyDSh5Gc+Ns2MYtrpMGKqg7nLHHzQM4KGmJMprYhm3LxFeAOQXzGNHlkl
pCVtZJK9htP/5KaiGmY/56Dre610/YVBYrwNn9eiX1cn+ytDdE+zYwEJ0QZ1TSYRbgO30+BAZYhW
X/stQZth45MtfqobTfq3OiivDfHeGpM+XR00this298NT1QjY3r7+f5zw0jvOoQ7f/IwNpuNYDBI
U1MTsbGxRzwX7897kxcfuYfLUwYzrE86gT1FtBXsxJ6c+J86/SJyjClgiRyHgpXVWMEQ9uRE3ENy
6PLYA1wOjNi2iQfuvI7d513BZVfd2Gkbp9NJQkJCx+fEhHh+eduFLHnz5wC8WXACB4MDWP/nNTxx
4TJCIZOYCIP8oiADujmIj7axYUeAkGmQmWJj4RofJwxysvAzH61ei/gYG8V7TWKMIIGARciEmtcs
Fi32kVRsI6XNRreXvKz40OKT0V1Z6z+bHrGvccMDt9ElNYbdG7th2J1cO+B0Vi7/kIqN23hm94XU
NS4k490WxtWEADulj4V4P9VH0AEZ020s2eSjtclix54gM05ws3idD8MwOO9ED88vbGFwLxdrtwdI
jDVIjbPhchhs3hWgT6YDr9/iQJWdXyw8gxLvAEraVnLxxNUMyDT5xT0/wGZrHxFzOByd+u6fPfmn
X7N21cc88soiuma1v4ao6MzLcLe24SvchTMtBVtsTPj/JxCRY0oBS+Q4EapvoPS6n+LLL8RfUo4j
MY6IoTnETD80wX3Q4OH86Zl3uevHV1C0J48xowZy8jk3H7XOs2dMJJjXxtKtDmraksERYnvTGOat
38aIrIM0tJhkJNooKArRK9POSSPd2G3gD1qUVPrISrOzdrufSUPd1DaaJLQZtPwYik4JkRgZxNUG
pbkh0goP3brLKTMoTW7C5izlgYc2kxjf/qjimCGH2pkWNYq1KfdQOOspDmyJ5sQab8d3tXaTkqEm
XZfZaW6zOPC2SfQ2OwN+4eBgncmMMR4WrvZit0FCjJ3c/k7sNmj1ti9ouqs0SL8sB2sLA2Qk2pm3
rRcl3gFgBtheHktdk8n5k9wMG9zvC8/Hmy/cx6pP83C5Pfz9lUV4PIeWuYg9ZwZ1z71K6Y9uw2xt
w9U9i4jRI0h76O6vfsJF5FtNAUvkOGGPjyNr1pMEK6sxnA6cmRlgO3yaZXpGBr/78yw+eXYiEbWb
qK+9iPjElKPWmxgD1d4ga29/gYISF5VNEYQCrew4EOTW89oXI23x+nA7DdbvCOCw83l4aZ/EtGFH
gDMmeEhLcNA3Cxat9jFssZP9K03isTFwrJ0dH4eILzv0gpvWnTXsCxYy7tJXmTa2B/b9j5Hh2k5d
t0dxRSQRtfdmlu9MJ9TipLy6HGh/wtBvWFSlWIzIcRL9tsGaKwKMa3WyZ3KIGePb311YURviwMH2
uWGxUQabdwcwP59S5nYZDOjmYMJgF6P6WTz/vo/c7iVM7Ps3MhPa6Jrkp7TGIDnui19QWLw3n17M
oiY1mmt+s6ljpKujT394KYk/vBQrECBQWgGmibNrBsHahi+sV0T+dyhgiRxHbNFRuKK//BUvAb+f
jNH3s3v9i1S/MB1Xn59z6unnY7cf/oJkyx6L017BrE8zKWmIo6QuhpL6OBKMQtKXFTEgy2JFvp2k
xBh6JDWRmWQRskFjW/uSnz6fyfPzW7j+3GjsNuh+kZ3gAxb9W+1sGxekcadB6oU2drwfpH9h+yUp
Yxc8Om4n6zMfYNfWWKqbmqixt1JQ+QiJdh/9S8q43DrAjDtd/PXWEP8fsPZMCtGrjx1HAEr6hOi3
08H+2BBDLjp0qXvqneaOp//qmy3iY8A04WCDQWGpi6CvjaS4EB9tgtc3DcdydSErsZGs+EZi7FXc
dGo1JVbcEfu1ra2NBW8/h7v8MbzRUxg67RSamxqJjYs/YnnD6cTVI+tLz5eI/O9RwBL5DsrI7EZG
5iUMGXMWzz58LkNKfsMrz++nZ78xDB06lLi4fwoQnu6M6beTny/sQal3PJFGFRcP+ojJ/at5aH4O
43vXEZ9s4Q3Z+ekH5xHnKKNb9jLO79VGRV2IntkuPl3fQu4AF6MGuBg00sHC8T7il9mwJVs0P2vi
jYSoiUBh+y79CWAvgLN/6AeqqXrYxLsBMp7YjaMLVNwBgWI7ZnXn46pNtUh93kZlbxNnCpg7wTsD
MrPaA9WbS9ooLgswcoQL04L9fnhhWSz7S6cRJJobxy1mR3Mv3tt4gDmbBvH4pVuYvcbL2zums7ws
mnHpb5EUV0tRW7dO+y0rK2P37t3kr5tLb/s7bKwbyS9uf/Y/dwJF5FtPAUvkOyw6OprRp99H/oq/
MCD+KUp2+4iNjWV36V621BVSFCqlZO0q3p4OJ+asYOMOP3dNzycjwc+VL59Gn+QyMhKreWTVmTx+
1hs8mjGXX610sCfSx7SBTl7LC/L3VidXZrt5YUEzg7ITiHAbTLrJxdJcP3VVJsQaJLXZMJyHbrt5
000CG6FtMzi7gDfPwp5m0PShRew54N8DNjc0v2N1Oh5f0AITylwmjh7QNDbIaRPbbw0eqAzx3soW
cnI8PNDmJDs/wOhsB39saqZ7wzp+f0YDeQcieHf3dJ6d+RS2/ER++e4EXrtmOSf2ncVDH/Zk2pCd
lNXZ+cm6+UwIBhnk7k3vqO7ExMRQuPYVBkd9yF5zJpPOvOC/eRpF5FtIAUvkO84wDLqPuYrVmyzG
ep7kl396gWVuH16/DzwG2AyeXB3grqlOtvVYRXYXN5c/P5VSbz9OjN1BnMdLm5nIfQtH8vrVy3g2
McSqnUGi3A5eKTeojHKw2+EmtjrI3/7RzE8ujiEmwuCsyW7WFQYIDLTI3xXCctsoyArSo8SO6QTP
QIO2lSa+eANXtoGnv0HrKgtHqoHNZRBzhkHTPBN7nEG9w6Ssp0lbjEXtPRYDYx3Ybe2LoEL7ulZP
/aOJlCQHSy0XbR47f98ZYM6ZTn6wrpXrf1TGzjIbj646k5BpkZkYIDO+kZUVk7hhViOvXLORgHcd
507w8JPFPraEKtjy4XOAQc+orkz1tXHl8GZ2ub/PCROuoLq6+qj9bVkWhvHFc7hE5H+fApbId9hH
hSt4cP7v2OLbQX1FHXE2i2Z7gJDTBs5DE7P/fNDG8MoQmal27pvfQp6tABzNZMaXEutpIRD1D/Zm
FnPHUh+35Ni4/mQPl8z2MmTAGZzsSuHdvR/gj6hg0OYmdgRtXDDSxZTPw0+Ey6BPDztRHoNRf3Oy
dlsQ7xaLiJ7Q8LaFPdoi4kQbUWPbPzd/AO7+EHu+QetKsLvA8aiNGb2cfJrvp6nVIiHGRmOLhddv
8V5BkDkrvTSVBNjUL44UWxb35nyPBTs/5NY3N/HkRZHMX+Pj93sNarvNI6I8na7JITLi9hCoDbDS
V8Tdc9q4/3sRvLopwOw2B7gAd3v/7AuUMqstxJxPDVqDTzNkzypmDJhK7phcHLbDL7Gzn7uP7llp
jD/1hv/KORaRY8N+vafLfce6ESLyzaXcdBm26MivVLakrpyb59zJPfMfZs//tXfvUXbVhaHHv/s8
55mZSeaVhCSTEMIjQCRGSDAhwSxFqSKNPATb0lZBWq6ly4vX2qItLUtb7u31SovXircCBuVN04ig
MQQTQEgIecFAXpBMHjPJzGQyk5kzZ85j7/vHYDAFobq2qxi/n79mzezzO69Zs77z27/9O8Md5Esj
UJFgJJsgyrxxdiWXSrB6b0TlwRJ/f1klbZV9ZOs6mJYZIk2ZweoeLm4p8sUFaVobEly3osSKmix1
YTVj03Xc9/k7CMpZVu3aSG7vEP+cquSuTSXGRxGnn5CkVIyoqUrQXJ/ghJYET25LsmBxwMDDEeV+
GPcnCVITA0a2wEh7RPX7klScCUQJNvam+J0lo7FzoC+kKhvQ3JDknhfKXLc+5L7ugPqdgxycPpW/
ueImbrz0BpY9/Qgdw/t5MjjCgV0F/nRBlnlNEZkwT21FN6fVQHe+n6lT9vNXZ+f41MIsX/q3PLcO
pMhl/8OVmQGUMwkKmYCoArqGu1mzZy0/bF/FhPrxnNQ87ZjDq8c0Un7hOp7buI2pMz9wzIUF4WCO
ntvu/uXeeEnvSM5gSb9FNuzZwgMblnP3ugfpOLT3bY9/X1gkEUFVELE7meB/FtNsWT7C5dMS/N8L
0qSSo7NQlwI7D5a5a3OJ7x0I2FWVpi0xgVxxmGW7VnD26jn87bVf5FC+n0fvvJXK7gKdkyvoDIp8
7YWQ+/qTzEyGzNpWYGZVxOoXa5nQNo33nfYyQTEk1Tr6eCpmB6OzW++K6B2q4hvFsbyU7KN1Sz9P
dUU81x3xUibFX04os7UccKA+TcPWHPsqM3z2Y3/OtZd8ihu+9pes2LuGibWtjE2P5V/LfTz3cJGP
T4i4YU6KxjGjATXn5DTDhYiHN5dYsqzAk5ksCygTFkNaUhE7ygk2po696nJ2qURzAl7qj5hYWssl
//JHLJn9O3zsrI/w4dPfTzqZZtr0M3j8JydzXsvDPPbtPi74wzvIZiuQdHwxsKTjVNfAQdbt2shP
f/oIxYPPsaajjw2VAxTLxaPHfLBUpDEZsTTIvHGACM6phnQEpzUHPN4RsilMsiyRYdkrESdsKTAh
G5BJRvSNwCtRwJX10JCGXcC06kms+MoyisUimczo+NNb2nh1bgMkYGauyPkzkvTnI9YeKrM+m2Z9
ARiBhcmQzz60mE9M7yIZ1TD8wJnUZAsUcl2ccEUXP/7hbHYOnMIfn7GUPckEn+wY/VMW1ES8p1Bi
7oQkDdmIF3aV6Ti5ir4SnDLxJAD+1/Vf5suFv2GkMMLszy/iYNBHS0XEur6If/hBmbZ0mbokDIUR
HSMB3bUpyEKyGLG4PmRoBGa1Bjy6r8zG6NjACiK48awE3T0lDgxCR9cg9zz9IN9d9xCTxk5kbtsc
zpk6mxmZ8QTBZs5pXsWP7rqaD3/qLtdlSccZP+xZOo680ruba7773znlpnO59IaZbHvg4/xZ0z3k
el9ibarnmLgihKmZiP92VorFHTkWHhg+ZqzrMwUO5UIODofc80LIkpOTfCI1ukEnyYC9Y9KsTyaZ
UQWldIJyKsF7mwImJ0MSxYjV3c/w51/9H8eMuXrrT0f/6pQjrmiGxdOTXHJGiq+ckaB5+LWxA1g7
CcZVrKDvSJ7e3AD3Pz+NO9aexc6+Kt5/bhe79/WSKT/H0o1FNs0aPDr+zHyJW89NMq8tyRVnJvlA
xeiHRZOCFZufOHrcwOAAf3jLtXTkOyCEEzMwsxL6a1JUpmBsMmR9Nk33mBQ/2/30c3UlMkHEQCHi
wZ0hp9UEXB4Vjnl+69MpvvBkiVOnjN7uxx/L8J3pZX6XIn37Orj/+WXc8OBfc9MPvs/NT1Tz0Msn
kGyey6s723/l91zSO1OwuX5O9PaHSXqnW3HnlXz1mTvZ199JeiRkaneB69+VIJUIuL4jSb4iAaWI
6cNlzh0LC5vgglNS1FQG/NnSHK+EAU+OGz1VdVqhxLxEmXwEY1PQXwQSMFSGnmSSn6RGZ4zG5ELu
fVfEt9onwOSzoBzx6L4nuH7MIGNS8IX+NDOCKZw1cSa7u/bwbHELUQIq8yHNI2WiEIIoYm9NmnIS
SL5WM6UIUqNfBz0pMoerSA9lSQUFChV5clNKkH0tnooR/GyLh3JERSFiQq5MPoBsCvZUpiilAzLl
FAuq301dQz1r923gQKGLB2dG3P9qyDPRNOZOms1gYZhJh3fRUO7ekwaoAAAM30lEQVTgpvzw0cfz
0XKBZDEiEwQ0ZSOGipBOBwwWQlaTZk/m9Zms6YUS9WHExkSKuZT4SGvAVe9Osbcv5I4Xyny/B3ZV
p5lfKvLVeSmuXD+Gc95zAb939mWc33AaL5964a/9d0XSr5+BJR0nrrg+Q3v3DgBq8yE3Tyhz696A
gf4yTWMSnDs2YPF4aKlN8JPOiLW9EZt7Q745L8m3toc8HKaPjvWPTUXSBJQZvZgwCCJGyjCQg0II
Xx5OQxhxduUZ/N6cS9i3bS9LPnwxmUyG//O9f2Zn34NkgZWvrdGqyIdcGRWIEtCfj5jWkKA7TNCW
Dlm/P2Ta+CT9h0IGCxFRGJHMJEhnAg4RsJ+AzVXpY57r3KEC9WHE5ErY31MmkwpIJ2BMZUAyHdDR
F7JwcpINwzApGbGtq0xbS5KdB0O+P65ydFYqgiVRkZcPp7n5im9y7tx5bH5xC+s3rOe6a/6Ue3/0
ICtfXs1jO1fx1an9rNoX8vszEyzfEXL5qSm+017mE6cmuX9nyK25t1htEUHbUJELG+Gq05JMGZfg
zudLbD4QcttHs/zjmgI3H06RSmW46OTz+dIXX475N0PSfwXXYEnHmzDi+qYyxQguGBcxb0aSQmWC
J3vgph2wjYAw9drqgLHwqU1lRhKJ0a0HXvN3exIkGP0AmtEjA0KgO5kgVUqyuOVsrjznEq666BMA
rFi5glKxxN49e2ltbOW+riqGq14/HZnPBHQegoZKqE4EDISQGSqxPZUgl4/oykN1EhIBhKmAykRE
XTZgShTSPvTGj+8ZGYl4dyPkilCZDCgmA7KJiAjoKkB+OOTl4SRVA2UG6pNUpwMO5aA/DI6e8iOA
h0gzIagnGSRYuXIlJ510EiefNIOamho+ueQqPslVbN+1g3/592/xk47HWL1+D4cTSb7/bEhPIsm/
PRNyOJWA7Fu8HwHsqknz9Tzc+VSZ91UUWTIp4J8uGr3RoslJvrOnxK66gJd6dv5Kb7mkdx5nsKTj
xM9msGbliqy6JEMUwfWPjPBAKcW4kTJRMmB/1a/2P1VFLsWssaexYPpcPjLngyx4z3uP/iwMQ57+
6dOcO+9cbr/9dj796U+z9LtLKVVFrN+2id5yH6/07GL34X30hH2UM6+f/jtGPhzdWyoAyhHZkZBE
9NoWCOljj68aCQmLEeV0QDEVjJ7KCyMoAtk3GbsQkSolaUmMZWrjZKY0TKIyl2Zcup625smMGzeO
+fPn09raypo1a1iwYMEbhhgZGeGhlct4asdadnS/wis9u+nMdzPE8Oh9Jv/zi9SDMOJva4rMaUvy
B89Dd8VoRJ7WdCLf+1rxbW4t6TeBM1jScaY9k+Ljy4ssaIy4dlaSxX0hL/ZEXDU7xbc3FXn2EGzM
pZg15kwaxzcxUi4wUipwJDdIdUUVNRXV1Garqc5UM2XsZGa0TOO82e9lfOv4N72/QqFAOSyzdu1a
zj77bADev/j9tLS0UPjmMFdffTV333033d3dXPTRi1ix+sccLhxhODFC72AfuVKOgfwgR/JHOJIf
4khhkGKpCNUBQyNDhCNlgijJkZFBggBqszWEhTKJiiRjKmop50tkKyqoTVdTW1HDmMpaarM1VGWq
GFvVQNhfJFtO8cHFF7Bu7TqiKOKMM86gt7eXOXPm0N7ezoYNG6ivr6e1tZVd3R3c/NdLOKlhKn9x
2Wc5YcJEALLZLFdceBlXcNnR597f3093bzcdnXvpGeilEI4ueq9IV9Dfd5i7Hv0uz2RepJguH/Oa
RUFA5zDcuq5Ed/VbTX9J+k1lYEnHmWIq4Eek+FEfJDtDphwp8U/zU0xqSDC3JcEL/SG5+oBNpe1c
WjGDG6/4HNMmT/2l76dj7x5uf/QOHt78COe0zOb0hpNpqhtHY2MjkyZNorOzk4kTJ7J9+3aGh4fZ
tm0bh3oPMb6hlYq+LD09PZw5dR4NDQ08/vjj3HzzzaxatYrzzz+f++67D4CFCxeya9cuZs+ezY4d
O+jv72fHjh20tbUxf/58Nm3axKxZswC47bbbuO666wC45ZZbOHHCibS1tdHR0cG8efNYvnw5W7du
paKigvPOO4/Ozk6am5tpb2/nwIEDdHZ28v/u+TY/aP8xK3qfYkXPUyz7ux/yB7Mu5dqPfJJJE094
w2tQV1dHXV0d06dNP/q9XC7H33/nf3PnxnvZU33wzV+8AL4eZaD6l37ZJf2GMLCk41g5m6B6EL61
NeRzzxfYmklRTo+ejhpK57nj1QfY/KUt3PEX3+D0U2a+7XgHuw/yvRX38/jWNaze/yz9mRwA7Z2v
QkfEhHIjs7Yt4/QJp3LO1Nnsf3Uv7e3tnHjiidx444185jOf4ZprrqFcLrNo0SLmzJnD7bffTiKR
YPny5Uc/w+/FF19k0aJFNDc3s3TpUrq6ujh48CBXX301W7ZsYf78+QCsXbuWWbNmsXv3bhKJBE88
8QSLFi0iiiJKpRKlUomamhpaWlpIJBKceuqpXHjhhaxYsYKJEyfyhZv+itT4CnbW7GfZ06t4lX1E
P7d5zb5EN1/Z8nW+8fxdfGDKQhbOOJeLF36Y1ubWX/gapdNpTj1hBosHFrBqx1PsTnS5IY70W8jA
ko5nAWxpzLIFjpktSecSLKx4N9dc/Mcs+cDFJBJvLIBcLsdzm59n677tbN77Ihv2bGHLoZc5Upkf
PeA/7k2aDtif7mV/72oe7V0NGyNaS2OZ0XgiE/Mv80L/Nk4/50wO9ffxoQ99iMcee4xt27YxZ84c
stks+/fvp7a2FoCmpiZmzpzJypUrqaysZN26dUyZMuUXPs1Vq1bR2tp6NLCampq4/PLLAXj44Yf5
8i1foW5CA7t6Oliz9CZ29u5m+5pX6M0egb7XBnmLCOpLD3Lv/ke4d/8jfP6xmzl97AymNbbRNm4S
TbWNNFTWUVc9BoAjw4P05Q5zQsME3jvlPeRfXM2B+v63eJMkHY9c5C4dJ35+m4b/lGJES7mB5qom
xlbXk86kOZIfpFQoMVzKs3ewk4FM7vU9puJSiKgrVdNa2URrXTON1eOozVRRnammOlXF+MYWikcK
1NXV0X2gm1NmnMLO7TuoylZy4ozpbN68mRmnzGCwMMSGZ58nlx+memwN1U21dB/uYTjMM5A/QveR
HjoHuunKdzOUzb/5wvp3GBe5S8cPZ7Ck31bpgAPpwxwID8ORN/l5Nby+p0GMMgH9mRz97GbrwG4Y
eJvjf35bqI1v8j2AIWDPm9w2ya/veUjSW3BlgCRJUswMLEmSpJgZWJIkSTFzDZZ0nFg8MpF5Db94
+wC981WNJIFX/6sfhqQYeBWhJElSzDxFKEmSFDMDS5IkKWYGliRJUswMLEmSpJgZWJIkSTEzsCRJ
kmJmYEmSJMXMwJIkSYqZgSVJkhQzA0uSJClmBpYkSVLMDCxJkqSYGViSJEkxM7AkSZJiZmBJkiTF
zMCSJEmKmYElSZIUMwNLkiQpZgaWJElSzAwsSZKkmBlYkiRJMTOwJEmSYmZgSZIkxczAkiRJipmB
JUmSFDMDS5IkKWYGliRJUswMLEmSpJgZWJIkSTEzsCRJkmJmYEmSJMXMwJIkSYqZgSVJkhQzA0uS
JClmBpYkSVLMDCxJkqSYGViSJEkxM7AkSZJiZmBJkiTFzMCSJEmKmYElSZIUMwNLkiQpZgaWJElS
zAwsSZKkmBlYkiRJMTOwJEmSYmZgSZIkxczAkiRJipmBJUmSFDMDS5IkKWYGliRJUswMLEmSpJgZ
WJIkSTEzsCRJkmJmYEmSJMXMwJIkSYqZgSVJkhQzA0uSJClmBpYkSVLMDCxJkqSYGViSJEkxM7Ak
SZJiZmBJkiTFzMCSJEmKmYElSZIUMwNLkiQpZgaWJElSzAwsSZKkmBlYkiRJMTOwJEmSYmZgSZIk
xczAkiRJipmBJUmSFDMDS5IkKWYGliRJUswMLEmSpJgZWJIkSTEzsCRJkmJmYEmSJMXMwJIkSYqZ
gSVJkhQzA0uSJClmBpYkSVLMDCxJkqSYGViSJEkxM7AkSZJiZmBJkiTFzMCSJEmKmYElSZIUMwNL
kiQpZgaWJElSzAwsSZKkmBlYkiRJMTOwJEmSYmZgSZIkxczAkiRJipmBJUmSFDMDS5IkKWYGliRJ
UswMLEmSpJgZWJIkSTEzsCRJkmJmYEmSJMXMwJIkSYqZgSVJkhQzA0uSJClmBpYkSVLMDCxJkqSY
GViSJEkxM7AkSZJiZmBJkiTFzMCSJEmKmYElSZIUMwNLkiQpZgaWJElSzAwsSZKkmBlYkiRJMTOw
JEmSYmZgSZIkxczAkiRJipmBJUmSFDMDS5IkKWYGliRJUswMLEmSpJgZWJIkSTEzsCRJkmJmYEmS
JMXMwJIkSYqZgSVJkhQzA0uSJClmBpYkSVLMDCxJkqSY/X+L4q7Y/RCSfAAAAABJRU5ErkJggg==
"